date_utc,cell,endpoint_id,n_cold,est_usd,note
20261008T0249Z,4090_fboff_baked,h90byyjfb0ofbu,1,0.0092,"rc=0 [coldstart] 4090_fboff_baked: cold median 621.3 s (min 621.3, max 621.3), delayTime median 617980 ms, warm 999 ms, failu"
20261008T0402Z,4090_fboff_baked,h90byyjfb0ofbu,1,0.0092,"rc=0 [coldstart] 4090_fboff_baked: cold median 441.2 s (min 441.2, max 441.2), delayTime median 438489 ms, warm 954 ms, failu"
20261008T0402Z,4090_fbon_baked,h90byyjfb0ofbu,1,0.0092,"rc=0 [coldstart] 4090_fbon_baked: cold median 83.6 s (min 83.6, max 83.6), delayTime median 80849 ms, warm 555 ms, failures 0"
20261008T0402Z,a40_fboff_baked,h90byyjfb0ofbu,1,0.0102,"rc=0 [coldstart] a40_fboff_baked: cold median 213.6 s (min 213.6, max 213.6), delayTime median 211287 ms, warm 1099 ms, failu"
20261008T0402Z,a40_fbon_baked,h90byyjfb0ofbu,1,0.0102,"rc=0 [coldstart] a40_fbon_baked: cold median 482.6 s (min 482.6, max 482.6), delayTime median 478817 ms, warm 745 ms, failure"
20261008T0402Z,a100_fboff_baked,h90byyjfb0ofbu,1,0.0227,"rc=0 [coldstart] a100_fboff_baked: cold median 725.2 s (min 725.2, max 725.2), delayTime median 722555 ms, warm 2124 ms, fail"
20261008T0402Z,a100_fbon_baked,h90byyjfb0ofbu,1,0.0227,"rc=0 [coldstart] a100_fbon_baked: cold median 19.2 s (min 19.2, max 19.2), delayTime median 16490 ms, warm 604 ms, failures 0"
20261008T0402Z,h100_fboff_baked,h90byyjfb0ofbu,1,0.0399,"rc=0 [coldstart] h100_fboff_baked: cold median 766.7 s (min 766.7, max 766.7), delayTime median 763781 ms, warm 1396 ms, fail"
20261008T0402Z,h100_fbon_baked,h90byyjfb0ofbu,1,0.0399,"rc=0 [coldstart] h100_fbon_baked: cold median 108.9 s (min 108.9, max 108.9), delayTime median 106235 ms, warm 1352 ms, failu"
20261008T0402Z,4090_fboff_fetched,ri6eo614hmu510,1,0.0168,"rc=0 [coldstart] 4090_fboff_fetched: cold median - s (min -, max -), delayTime median None ms, warm 625809 ms, failures 1, no"
20261008T0402Z,4090_fbon_fetched,ri6eo614hmu510,1,0.0168,"rc=0 [coldstart] 4090_fbon_fetched: cold median 16.9 s (min 16.9, max 16.9), delayTime median 15491 ms, warm 449 ms, failures"
20261008T0402Z,a40_fboff_fetched,ri6eo614hmu510,1,0.0186,"rc=0 [coldstart] a40_fboff_fetched: cold median 114.7 s (min 114.7, max 114.7), delayTime median 111921 ms, warm 1956 ms, fai"
20261008T0402Z,a40_fbon_fetched,ri6eo614hmu510,1,0.0186,"rc=0 [coldstart] a40_fbon_fetched: cold median 157.7 s (min 157.7, max 157.7), delayTime median 154694 ms, warm 953 ms, failu"
20261008T0402Z,a100_fboff_fetched,ri6eo614hmu510,1,0.0416,"rc=0 [coldstart] a100_fboff_fetched: cold median 29.7 s (min 29.7, max 29.7), delayTime median 28193 ms, warm 1452 ms, failur"
20261008T0402Z,a100_fbon_fetched,ri6eo614hmu510,1,0.0416,"rc=0 [coldstart] a100_fbon_fetched: cold median 145.5 s (min 145.5, max 145.5), delayTime median 142866 ms, warm 4926 ms, fai"
20261008T0402Z,h100_fboff_fetched,ri6eo614hmu510,1,0.0732,"rc=0 [coldstart] h100_fboff_fetched: cold median 23.7 s (min 23.7, max 23.7), delayTime median 21426 ms, warm 1344 ms, failur"
20261008T0402Z,h100_fbon_fetched,ri6eo614hmu510,1,0.0732,"rc=0 [coldstart] h100_fbon_fetched: cold median 24.7 s (min 24.7, max 24.7), delayTime median 22174 ms, warm 2073 ms, failure"
20261008T0402Z,4090_fboff_wvllm,rvy2p7bfia91fm,1,0.0581,"rc=0 [coldstart] 4090_fboff_wvllm: cold median 143.5 s (min 143.5, max 143.5), delayTime median 141758 ms, warm 512 ms, failu"
20261008T0402Z,4090_fbon_wvllm,rvy2p7bfia91fm,1,0.0581,"rc=0 [coldstart] 4090_fbon_wvllm: cold median 148.1 s (min 148.1, max 148.1), delayTime median 145728 ms, warm 571 ms, failur"
20261008T0402Z,a40_fboff_wvllm,rvy2p7bfia91fm,1,0.0644,"rc=0 [coldstart] a40_fboff_wvllm: cold median 148.3 s (min 148.3, max 148.3), delayTime median 146673 ms, warm 1184 ms, failu"
20261008T0402Z,a40_fbon_wvllm,rvy2p7bfia91fm,1,0.0644,"rc=0 [coldstart] a40_fbon_wvllm: cold median 147.4 s (min 147.4, max 147.4), delayTime median 144962 ms, warm 2059 ms, failur"
20261008T0402Z,a100_fboff_wvllm,rvy2p7bfia91fm,1,0.1436,"rc=0 [coldstart] a100_fboff_wvllm: cold median 888.9 s (min 888.9, max 888.9), delayTime median 887419 ms, warm 1347 ms, fail"
20261008T0402Z,a100_fbon_wvllm,rvy2p7bfia91fm,1,0.1436,"rc=0 [coldstart] a100_fbon_wvllm: cold median - s (min -, max -), delayTime median None ms, warm 401612 ms, failures 1, not c"
20261008T0402Z,h100_fboff_wvllm,rvy2p7bfia91fm,1,0.2528,"rc=0 [coldstart] h100_fboff_wvllm: cold median 133.9 s (min 133.9, max 133.9), delayTime median 132287 ms, warm 811 ms, failu"
20261008T0402Z,h100_fbon_wvllm,rvy2p7bfia91fm,1,0.2528,"rc=0 [coldstart] h100_fbon_wvllm: cold median 206.5 s (min 206.5, max 206.5), delayTime median 203829 ms, warm 869 ms, failur"
20261008T0311Z,4090_fboff_fetched,ri6eo614hmu510,1,0.0168,backfilled: slot killed before it wrote runs.csv (409 race + crash loop)
20261008T0311Z,4090_fboff_wvllm,rvy2p7bfia91fm,1,0.0581,backfilled: slot killed before it wrote runs.csv (409 race + crash loop)
20261008T0311Z,4090_fbon_fetched,ri6eo614hmu510,1,0.0168,backfilled: slot killed before it wrote runs.csv (409 race + crash loop)
20261008T0311Z,4090_fbon_wvllm,rvy2p7bfia91fm,1,0.0581,backfilled: slot killed before it wrote runs.csv (409 race + crash loop)
20261008T0311Z,a100_fboff_fetched,ri6eo614hmu510,1,0.0416,backfilled: slot killed before it wrote runs.csv (409 race + crash loop)
20261008T0311Z,a100_fboff_wvllm,rvy2p7bfia91fm,1,0.1436,backfilled: slot killed before it wrote runs.csv (409 race + crash loop)
20261008T0311Z,a100_fbon_fetched,ri6eo614hmu510,1,0.0416,backfilled: slot killed before it wrote runs.csv (409 race + crash loop)
20261008T0311Z,a40_fboff_fetched,ri6eo614hmu510,1,0.0186,backfilled: slot killed before it wrote runs.csv (409 race + crash loop)
20261008T0311Z,a40_fboff_wvllm,rvy2p7bfia91fm,1,0.0644,backfilled: slot killed before it wrote runs.csv (409 race + crash loop)
20261008T0311Z,a40_fbon_fetched,ri6eo614hmu510,1,0.0186,backfilled: slot killed before it wrote runs.csv (409 race + crash loop)
20261008T0311Z,a40_fbon_wvllm,rvy2p7bfia91fm,1,0.0644,backfilled: slot killed before it wrote runs.csv (409 race + crash loop)
20261008T0311Z,h100_fboff_fetched,ri6eo614hmu510,1,0.0732,backfilled: slot killed before it wrote runs.csv (409 race + crash loop)
20261008T0311Z,h100_fbon_fetched,ri6eo614hmu510,1,0.0732,backfilled: slot killed before it wrote runs.csv (409 race + crash loop)
